{"\uc815\ubb34": 0.7311787952982515, "\ub300\uac80": 0.7256945513672732, "\uc815\ubb34\uc9c1": 0.7415010438282852, "\ubbfc\uc815\uc218\uc11d\uc9c1": 0.7919182480423043, "\uac80\ucc30\uad6d\uc7a5": 0.7945852386800064, "\ubbfc\uc815\ube44\uc11c\uad00\uc2e4": 0.7214666865375758, "\ubbfc\uc815\uc218\uc11d\ube44\uc11c\uad00": 0.7313952700472033, "\ucd5c\uc7ac\uacbd": 0.9999999999999998, "\ubbfc\uc815\ube44\uc11c\uad00": 0.7490703555152093, "\uc784\uba85\uc7a5": 0.72966776873341, "\ubbfc\uc815\uc218\uc11d": 0.7852079722730715, "\uc218\uc0ac\ub2a5\ub825": 0.7717094075361811, "\uc9c0\uac80\uc7a5": 0.7550228851637109, "\uc218\uc0ac\uae30\ud68d\uad00": 0.7462741878091737, "\uc911\uc218\ubd80\uc7a5": 0.7557148806325845, "\uace0\uac80\uc7a5": 0.7246870030030534, "\ubbfc\uc815\uc218\uc11d\uacfc": 0.7753377375971817, "\ubd80\uba54\ub791": 0.7302139270176947, "\uc774\uc644\uad6c": 0.7289097969666801, "\uc0ac\uc758": 0.7265834896491625}